,Stock,MCCode,StockCode,Link,Unnamed: 4,Unnamed: 5,Unnamed: 6,Unnamed: 7,Unnamed: 8,Unnamed: 9,Unnamed: 10,Unnamed: 11,Unnamed: 12,Unnamed: 13,Unnamed: 14,Unnamed: 15,Unnamed: 16
0,ACC LIMITED                         ,ACC,ACC,https://www.moneycontrol.com/india/stockpricequote/cement-major/acc/ACC06,,,           ,           ,           ,           ,           ,           ,           ,           ,           ,           ,           
1,ADANI ENTERPRISES LIMITED           ,AE01,ADANIENT,https://www.moneycontrol.com/india/stockpricequote/trading/adanienterprises/AE13,,,           ,           ,           ,           ,           ,           ,           ,           ,           ,           ,           
2,ADANI PORT & SEZ LTD                ,MPS,ADANIPORTS,https://www.moneycontrol.com/india/stockpricequote/infrastructure-general/adaniportsspecialeconomiczone/MPS,,,           ,           ,           ,           ,           ,           ,           ,           ,           ,           ,           
3,AMARA RAJA BATTERIES LTD.           ,ARB,AMARAJABAT,https://www.moneycontrol.com/india/stockpricequote/auto-ancillaries/amararajabatteries/ARB,,,           ,           ,           ,           ,           ,           ,           ,           ,           ,           ,           
4,AMBUJA CEMENTS LTD                  ,GAC,AMBUJACEM,https://www.moneycontrol.com/india/stockpricequote/cement-major/ambujacements/AC18,,,           ,           ,           ,           ,           ,           ,           ,           ,           ,           ,           
5,APOLLO HOSPITALS ENTER. L           ,AHE,APOLLOHOSP,https://www.moneycontrol.com/india/stockpricequote/hospitalsmedical-services/apollohospitalsenterprises/AHE,,,           ,           ,           ,           ,           ,           ,           ,           ,           ,           ,           
6,APOLLO TYRES LTD                    ,AT,APOLLOTYRE,https://www.moneycontrol.com/india/stockpricequote/tyres/apollotyres/AT14,,,           ,           ,           ,           ,           ,           ,           ,           ,           ,           ,           
7,ASHOK LEYLAND LTD                   ,AL,ASHOKLEY,https://www.moneycontrol.com/india/stockpricequote/auto-lcvshcvs/ashokleyland/AL,,,           ,           ,           ,           ,           ,           ,           ,           ,           ,           ,           
8,ASIAN PAINTS LIMITED                ,API,ASIANPAINT,https://www.moneycontrol.com/india/stockpricequote/paintsvarnishes/asianpaints/AP31,,,           ,           ,           ,           ,           ,           ,           ,           ,           ,           ,           
9,AUROBINDO PHARMA LTD                ,AP,AUROPHARMA,https://www.moneycontrol.com/india/stockpricequote/pharmaceuticals/aurobindopharma/AP,,,           ,           ,           ,           ,           ,           ,           ,           ,           ,           ,           
10,AXIS BANK LIMITED                   ,UTI10,AXISBANK,https://www.moneycontrol.com/india/stockpricequote/banks-private-sector/axisbank/AB16,,,           ,           ,           ,           ,           ,           ,           ,           ,           ,           ,           
11,BAJAJ AUTO LIMITED                  ,BA06,BAJAJ-AUTO,https://www.moneycontrol.com/india/stockpricequote/auto-23-wheelers/bajajauto/BA10,,,           ,           ,           ,           ,           ,           ,           ,           ,           ,           ,           
12,BAJAJ FINANCE LIMITED               ,BAF,BAJFINANCE,https://www.moneycontrol.com/india/stockpricequote/finance-leasinghire-purchase/bajajfinance/BAF,,,           ,           ,           ,           ,           ,           ,           ,           ,           ,           ,           
13,BAJAJ FINSERV LTD.                  ,BF04,BAJAJFINSV,https://www.moneycontrol.com/india/stockpricequote/finance-investments/bajajfinserv/BF04,,,           ,           ,           ,           ,           ,           ,           ,           ,           ,           ,           
14,BALKRISHNA IND. LTD                 ,BI03,BALKRISIND,https://www.moneycontrol.com/india/stockpricequote/tyres/balkrishnaindustries/BI03,,,           ,           ,           ,           ,           ,           ,           ,           ,           ,           ,           
15,BANDHAN BANK LIMITED                ,,BANDHANBNK,https://www.moneycontrol.com/india/stockpricequote/banks-private-sector/bandhanbank/BB09,,,           ,           ,           ,           ,           ,           ,           ,           ,           ,           ,           
16,BANK OF BARODA                      ,BOB,BANKBARODA,https://www.moneycontrol.com/india/stockpricequote/banks-public-sector/bankbaroda/BOB,,,           ,           ,           ,           ,           ,           ,           ,           ,           ,           ,           
17,BATA INDIA LTD                      ,BI01,BATAINDIA,https://www.moneycontrol.com/india/stockpricequote/leather-products/bataindia/BI01,,,           ,           ,           ,           ,           ,           ,           ,           ,           ,           ,           
18,BERGER PAINTS (I) LTD               ,BPI02,BERGEPAINT,https://www.moneycontrol.com/india/stockpricequote/paintsvarnishes/bergerpaintsindia/BPI02,,,           ,           ,           ,           ,           ,           ,           ,           ,           ,           ,           
19,BHARAT ELECTRONICS LTD              ,BE03,BEL,https://www.moneycontrol.com/india/stockpricequote/electricals/bharatelectronics/BE03,,,           ,           ,           ,           ,           ,           ,           ,           ,           ,           ,           
20,BHARAT FORGE LTD                    ,BFC,BHARATFORG,https://www.moneycontrol.com/india/stockpricequote/castingsforgings/bharatforge/BF03,,,           ,           ,           ,           ,           ,           ,           ,           ,           ,           ,           
21,BHARAT PETROLEUM CORP  LT           ,BPC,BPCL,https://www.moneycontrol.com/india/stockpricequote/refineries/bharatpetroleumcorporation/BPC,,,           ,           ,           ,           ,           ,           ,           ,           ,           ,           ,           
22,BHARTI AIRTEL LIMITED               ,BTV,BHARTIARTL,https://www.moneycontrol.com/india/stockpricequote/telecommunications-service/bhartiairtel/BA08,,,           ,           ,           ,           ,           ,           ,           ,           ,           ,           ,           
23,BHARTI INFRATEL LTD.                ,BI26,INFRATEL,https://www.moneycontrol.com/india/stockpricequote/telecommunications-equipment/bhartiinfratel/BI14,,,           ,           ,           ,           ,           ,           ,           ,           ,           ,           ,           
24,BHEL                                ,BHE,BHEL,https://www.moneycontrol.com/india/stockpricequote/infrastructure-general/bharatheavyelectricals/BHE,,,           ,           ,           ,           ,           ,           ,           ,           ,           ,           ,           
25,BIOCON LIMITED.                     ,BL03,BIOCON,https://www.moneycontrol.com/india/stockpricequote/pharmaceuticals/biocon/BL03,,,           ,           ,           ,           ,           ,           ,           ,           ,           ,           ,           
26,BOSCH LIMITED                       ,MIC,BOSCHLTD,https://www.moneycontrol.com/india/stockpricequote/auto-ancillaries/bosch/B05,,,           ,           ,           ,           ,           ,           ,           ,           ,           ,           ,           
27,BRITANNIA INDUSTRIES LTD            ,BI,BRITANNIA,https://www.moneycontrol.com/india/stockpricequote/food-processing/britanniaindustries/BI,,,           ,           ,           ,           ,           ,           ,           ,           ,           ,           ,           
28,CADILA HEALTHCARE LIMITED           ,CHC,CADILAHC,https://www.moneycontrol.com/india/stockpricequote/pharmaceuticals/cadilahealthcare/CHC,,,           ,           ,           ,           ,           ,           ,           ,           ,           ,           ,           
29,CANARA BANK                         ,CB06,CANBK,https://www.moneycontrol.com/india/stockpricequote/banks-public-sector/canarabank/CB06,,,           ,           ,           ,           ,           ,           ,           ,           ,           ,           ,           
30,CHOLAMANDALAM IN & FIN CO           ,CIF01,CHOLAFIN,https://www.moneycontrol.com/india/stockpricequote/finance-leasinghire-purchase/cholamandalaminvestmentfinancecompany/CDB,,,           ,           ,           ,           ,           ,           ,           ,           ,           ,           ,           
31,CIPLA LTD                           ,C,CIPLA,https://www.moneycontrol.com/india/stockpricequote/pharmaceuticals/cipla/C,,,           ,           ,           ,           ,           ,           ,           ,           ,           ,           ,           
32,COAL INDIA LTD                      ,CI29,COALINDIA,https://www.moneycontrol.com/india/stockpricequote/miningminerals/coalindia/CI11,,,           ,           ,           ,           ,           ,           ,           ,           ,           ,           ,           
33,COFORGE LIMITED                     ,,COFORGE,https://www.moneycontrol.com/india/stockpricequote/computers-software/coforgelimited/NII02,,,           ,           ,           ,           ,           ,           ,           ,           ,           ,           ,           
34,COLGATE PALMOLIVE LTD.              ,CPI,COLPAL,https://www.moneycontrol.com/india/stockpricequote/personal-care/colgatepalmoliveindia/CPI,,,           ,           ,           ,           ,           ,           ,           ,           ,           ,           ,           
35,CONTAINER CORP OF IND LTD           ,CCI,CONCOR,https://www.moneycontrol.com/india/stockpricequote/transportlogistics/containercorporationindia/CCI,,,           ,           ,           ,           ,           ,           ,           ,           ,           ,           ,           
36,CUMMINS INDIA LTD                   ,CI02,CUMMINSIND,https://www.moneycontrol.com/india/stockpricequote/engines/cumminsindia/CI02,,,           ,           ,           ,           ,           ,           ,           ,           ,           ,           ,           
37,DABUR INDIA LTD                     ,DI,DABUR,https://www.moneycontrol.com/india/stockpricequote/personal-care/daburindia/DI,,,           ,           ,           ,           ,           ,           ,           ,           ,           ,           ,           
38,DIVI'S LABORATORIES LTD             ,DL03,DIVISLAB,https://www.moneycontrol.com/india/stockpricequote/pharmaceuticals/divislaboratories/DL03,,,           ,           ,           ,           ,           ,           ,           ,           ,           ,           ,           
39,DLF LIMITED                         ,D04,DLF,https://www.moneycontrol.com/india/stockpricequote/constructioncontracting-real-estate/dlf/D04,,,           ,           ,           ,           ,           ,           ,           ,           ,           ,           ,           
40,DR. REDDY'S LABORATORIES            ,DRL,DRREDDY,https://www.moneycontrol.com/india/stockpricequote/pharmaceuticals/drreddyslaboratories/DRL,,,           ,           ,           ,           ,           ,           ,           ,           ,           ,           ,           
41,EICHER MOTORS LTD                   ,EM,EICHERMOT,https://www.moneycontrol.com/india/stockpricequote/auto-lcvshcvs/eichermotors/EM,,,           ,           ,           ,           ,           ,           ,           ,           ,           ,           ,           
42,ESCORTS INDIA LTD                   ,E,ESCORTS,https://www.moneycontrol.com/india/stockpricequote/auto-tractors/escorts/E,,,           ,           ,           ,           ,           ,           ,           ,           ,           ,           ,           
43,EXIDE INDUSTRIES LTD                ,EI,EXIDEIND,https://www.moneycontrol.com/india/stockpricequote/auto-ancillaries/exideindustries/EI,,,           ,           ,           ,           ,           ,           ,           ,           ,           ,           ,           
44,FEDERAL BANK LTD                    ,FB,FEDERALBNK,https://www.moneycontrol.com/india/stockpricequote/banks-private-sector/federalbank/FB,,,           ,           ,           ,           ,           ,           ,           ,           ,           ,           ,           
45,GAIL (INDIA) LTD                    ,GAI,GAIL,https://www.moneycontrol.com/india/stockpricequote/oil-drillingexploration/gailindia/GAI,,,           ,           ,           ,           ,           ,           ,           ,           ,           ,           ,           
46,GLENMARK PHARMACEUTICALS            ,GP08,GLENMARK,https://www.moneycontrol.com/india/stockpricequote/pharmaceuticals/glenmarkpharma/GP08,,,           ,           ,           ,           ,           ,           ,           ,           ,           ,           ,           
47,GMR INFRASTRUCTURE LTD.             ,GI27,GMRINFRA,https://www.moneycontrol.com/india/stockpricequote/infrastructure-general/gmrinfrastructure/GI27,,,           ,           ,           ,           ,           ,           ,           ,           ,           ,           ,           
48,GODREJ CONSUMER PRODUCTS            ,GCP,GODREJCP,https://www.moneycontrol.com/india/stockpricequote/personal-care/godrejconsumerproducts/GCP,,,           ,           ,           ,           ,           ,           ,           ,           ,           ,           ,           
49,GODREJ PROPERTIES LTD               ,,GODREJPROP,https://www.moneycontrol.com/india/stockpricequote/constructioncontracting-real-estate/godrejproperties/GP11,,,           ,           ,           ,           ,           ,           ,           ,           ,           ,           ,           
50,GRASIM INDUSTRIES LTD               ,GI01,GRASIM,https://www.moneycontrol.com/india/stockpricequote/diversified/grasimindustries/GI01,,,           ,           ,           ,           ,           ,           ,           ,           ,           ,           ,           
51,HAVELLS INDIA LIMITED               ,HI01,HAVELLS,https://www.moneycontrol.com/india/stockpricequote/electric-equipment/havellsindia/HI01,,,           ,           ,           ,           ,           ,           ,           ,           ,           ,           ,           
52,HCL TECHNOLOGIES LTD                ,HCL02,HCLTECH,https://www.moneycontrol.com/india/stockpricequote/computers-software/hcltechnologies/HCL02,,,           ,           ,           ,           ,           ,           ,           ,           ,           ,           ,           
53,HDFC BANK LTD                       ,HDF01,HDFCBANK,https://www.moneycontrol.com/india/stockpricequote/banks-private-sector/hdfcbank/HDF01,,,           ,           ,           ,           ,           ,           ,           ,           ,           ,           ,           
54,HDFC LIFE INS CO LTD                ,,HDFCLIFE,https://www.moneycontrol.com/india/stockpricequote/miscellaneous/hdfclifeinsurancecompanylimited/HSL01,,,           ,           ,           ,           ,           ,           ,           ,           ,           ,           ,           
55,HDFC LTD                            ,HDF,HDFC,https://www.moneycontrol.com/india/stockpricequote/finance-housing/housingdevelopmentfinancecorporation/HDF,,,           ,           ,           ,           ,           ,           ,           ,           ,           ,           ,           
56,HERO MOTOCORP LIMITED               ,HHM,HEROMOTOCO,https://www.moneycontrol.com/india/stockpricequote/auto-23-wheelers/heromotocorp/HHM,,,           ,           ,           ,           ,           ,           ,           ,           ,           ,           ,           
57,HINDALCO  INDUSTRIES  LTD           ,H,HINDALCO,https://www.moneycontrol.com/india/stockpricequote/aluminium/hindalcoindustries/HI,,,           ,           ,           ,           ,           ,           ,           ,           ,           ,           ,           
58,HINDUSTAN PETROLEUM CORP            ,HPC,HINDPETRO,https://www.moneycontrol.com/india/stockpricequote/refineries/hindustanpetroleumcorporation/HPC,,,           ,           ,           ,           ,           ,           ,           ,           ,           ,           ,           
59,HINDUSTAN UNILEVER LTD.             ,HL,HINDUNILVR,https://www.moneycontrol.com/india/stockpricequote/personal-care/hindustanunilever/HU,,,           ,           ,           ,           ,           ,           ,           ,           ,           ,           ,           
60,ICICI BANK LTD.                     ,ICI02,ICICIBANK,https://www.moneycontrol.com/india/stockpricequote/banks-private-sector/icicibank/ICI02,,,           ,           ,           ,           ,           ,           ,           ,           ,           ,           ,           
61,ICICI PRU LIFE INS CO LTD           ,IPL01,ICICIPRULI,https://www.moneycontrol.com/india/stockpricequote/finance-general/iciciprudentiallifeinsurancecompany/IPL01,,,           ,           ,           ,           ,           ,           ,           ,           ,           ,           ,           
62,IDFC FIRST BANK LIMITED             ,IDF01,IDFCFIRSTB,https://www.moneycontrol.com/india/stockpricequote/banks-private-sector/idfcfirstbank/IDF01,,,           ,           ,           ,           ,           ,           ,           ,           ,           ,           ,           
63,INDIABULLS HSG FIN LTD              ,IHF01,IBULHSGFIN,https://www.moneycontrol.com/india/stockpricequote/finance-housing/indiabullshousingfinance/IHF01,,,           ,           ,           ,           ,           ,           ,           ,           ,           ,           ,           
64,INDIAN OIL CORP LTD                 ,IOC,IOC,https://www.moneycontrol.com/india/stockpricequote/refineries/indianoilcorporation/IOC,,,           ,           ,           ,           ,           ,           ,           ,           ,           ,           ,           
65,INDRAPRASTHA GAS LTD                ,IG04,IGL,https://www.moneycontrol.com/india/stockpricequote/oil-drillingexploration/indraprasthagas/IG04,,,           ,           ,           ,           ,           ,           ,           ,           ,           ,           ,           
66,INDUSIND BANK LIMITED               ,IIB,INDUSINDBK,https://www.moneycontrol.com/india/stockpricequote/banks-private-sector/indusindbank/IIB,,,           ,           ,           ,           ,           ,           ,           ,           ,           ,           ,           
67,INFO EDGE (I) LTD                   ,,NAUKRI,https://www.moneycontrol.com/india/stockpricequote/miscellaneous/infoedgeindia/IEI01,,,           ,           ,           ,           ,           ,           ,           ,           ,           ,           ,           
68,INFOSYS LIMITED                     ,IT,INFY,https://www.moneycontrol.com/india/stockpricequote/computers-software/infosys/IT,,,           ,           ,           ,           ,           ,           ,           ,           ,           ,           ,           
69,INTERGLOBE AVIATION LTD             ,IA05,INDIGO,https://www.moneycontrol.com/india/stockpricequote/transportlogistics/interglobeaviation/IA04,,,           ,           ,           ,           ,           ,           ,           ,           ,           ,           ,           
70,ITC LTD                             ,ITC,ITC,https://www.moneycontrol.com/india/stockpricequote/cigarettes/itc/ITC,,,           ,           ,           ,           ,           ,           ,           ,           ,           ,           ,           
71,JINDAL STEEL & POWER LTD            ,JSP,JINDALSTEL,https://www.moneycontrol.com/india/stockpricequote/steel-sponge-iron/jindalsteelpower/JSP,,,           ,           ,           ,           ,           ,           ,           ,           ,           ,           ,           
72,JSW STEEL LIMITED                   ,JVS,JSWSTEEL,https://www.moneycontrol.com/india/stockpricequote/steel-large/jswsteel/JSW01,,,           ,           ,           ,           ,           ,           ,           ,           ,           ,           ,           
73,JUBILANT FOODWORKS LTD              ,JF04,JUBLFOOD,https://www.moneycontrol.com/india/stockpricequote/miscellaneous/jubilantfoodworks/JF04,,,           ,           ,           ,           ,           ,           ,           ,           ,           ,           ,           
74,KOTAK MAHINDRA BANK LTD             ,KMF,KOTAKBANK,https://www.moneycontrol.com/india/stockpricequote/banks-private-sector/kotakmahindrabank/KMB,,,           ,           ,           ,           ,           ,           ,           ,           ,           ,           ,           
75,L&T FINANCE HOLDINGS LTD            ,LFH,L&TFH,https://www.moneycontrol.com/india/stockpricequote/finance-investments/ltfinanceholdings/LFH,,,           ,           ,           ,           ,           ,           ,           ,           ,           ,           ,           
76,LARSEN & TOUBRO LTD.                ,LT,LT,https://www.moneycontrol.com/india/stockpricequote/infrastructure-general/larsentoubro/LT,,,           ,           ,           ,           ,           ,           ,           ,           ,           ,           ,           
77,LIC HOUSING FINANCE LTD             ,LIC,LICHSGFIN,https://www.moneycontrol.com/india/stockpricequote/finance-housing/lichousingfinance/LIC,,,           ,           ,           ,           ,           ,           ,           ,           ,           ,           ,           
78,LUPIN LIMITED                       ,LC03,LUPIN,https://www.moneycontrol.com/india/stockpricequote/pharmaceuticals/lupin/L,,,           ,           ,           ,           ,           ,           ,           ,           ,           ,           ,           
79,M&M FIN. SERVICES LTD               ,MMF04,M&MFIN,https://www.moneycontrol.com/india/stockpricequote/finance-nbfc/mahindramahindrafinancialservices/MMF04,,,           ,           ,           ,           ,           ,           ,           ,           ,           ,           ,           
80,MAHANAGAR GAS LTD.                  ,MG02,MGL,https://www.moneycontrol.com/india/stockpricequote/refineries/mahanagargas/MG02,,,           ,           ,           ,           ,           ,           ,           ,           ,           ,           ,           
81,MAHINDRA & MAHINDRA LTD             ,MM,M&M,https://www.moneycontrol.com/india/stockpricequote/auto-carsjeeps/mahindramahindra/MM,,,           ,           ,           ,           ,           ,           ,           ,           ,           ,           ,           
82,MANAPPURAM FINANCE LTD              ,MGF1,MANAPPURAM,https://www.moneycontrol.com/india/stockpricequote/finance-leasinghire-purchase/manappuramfinance/MGF01,,,           ,           ,           ,           ,           ,           ,           ,           ,           ,           ,           
83,MARICO LIMITED                      ,MI25,MARICO,https://www.moneycontrol.com/india/stockpricequote/personal-care/marico/M13,,,           ,           ,           ,           ,           ,           ,           ,           ,           ,           ,           
84,MARUTI SUZUKI INDIA LTD.            ,MU01,MARUTI,https://www.moneycontrol.com/india/stockpricequote/auto-carsjeeps/marutisuzukiindia/MS24,,,           ,           ,           ,           ,           ,           ,           ,           ,           ,           ,           
85,MAX FINANCIAL SERV LTD              ,MI,MFSL,https://www.moneycontrol.com/india/stockpricequote/finance-investments/maxfinancialservices/MI,,,           ,           ,           ,           ,           ,           ,           ,           ,           ,           ,           
86,MINDTREE LIMITED                    ,MC20,MINDTREE,https://www.moneycontrol.com/india/stockpricequote/computers-software/mindtree/MT13,,,           ,           ,           ,           ,           ,           ,           ,           ,           ,           ,           
87,MOTHERSON SUMI SYSTEMS LT           ,MSS01,MOTHERSUMI,https://www.moneycontrol.com/india/stockpricequote/auto-ancillaries/mothersonsumisystems/MSS01,,,           ,           ,           ,           ,           ,           ,           ,           ,           ,           ,           
88,MRF LTD                             ,MRF,MRF,https://www.moneycontrol.com/india/stockpricequote/tyres/mrf/MRF,,,           ,           ,           ,           ,           ,           ,           ,           ,           ,           ,           
89,MUTHOOT FINANCE LIMITED             ,MF19,MUTHOOTFIN,https://www.moneycontrol.com/india/stockpricequote/finance-investments/muthootfinance/MF10,,,           ,           ,           ,           ,           ,           ,           ,           ,           ,           ,           
90,NATIONAL ALUMINIUM CO LTD           ,NAC,NATIONALUM,https://www.moneycontrol.com/india/stockpricequote/aluminium/nationalaluminiumcompany/NAC,,,           ,           ,           ,           ,           ,           ,           ,           ,           ,           ,           
91,NESTLE INDIA LIMITED                ,NI,NESTLEIND,https://www.moneycontrol.com/india/stockpricequote/food-processing/nestleindia/NI,,,           ,           ,           ,           ,           ,           ,           ,           ,           ,           ,           
92,NMDC LTD.                           ,NMD01,NMDC,https://www.moneycontrol.com/india/stockpricequote/miningminerals/nmdc/NMD02,,,           ,           ,           ,           ,           ,           ,           ,           ,           ,           ,           
93,NTPC LTD                            ,NTP,NTPC,https://www.moneycontrol.com/india/stockpricequote/power-generationdistribution/ntpc/NTP,,,           ,           ,           ,           ,           ,           ,           ,           ,           ,           ,           
94,OIL AND NATURAL GAS CORP.           ,ONG,ONGC,https://www.moneycontrol.com/india/stockpricequote/oil-drillingexploration/oilnaturalgascorporation/ONG,,,           ,           ,           ,           ,           ,           ,           ,           ,           ,           ,           
95,PAGE INDUSTRIES LTD                 ,PI35,PAGEIND,https://www.moneycontrol.com/india/stockpricequote/textiles-readymade-apparels/pageindustries/PI35,,,           ,           ,           ,           ,           ,           ,           ,           ,           ,           ,           
96,PETRONET LNG LIMITED                ,PLN,PETRONET,https://www.moneycontrol.com/india/stockpricequote/oil-drillingexploration/petronetlng/PLN,,,           ,           ,           ,           ,           ,           ,           ,           ,           ,           ,           
97,PIDILITE INDUSTRIES LTD             ,PI11,PIDILITIND,https://www.moneycontrol.com/india/stockpricequote/chemicals/pidiliteindustries/PI11,,,           ,           ,           ,           ,           ,           ,           ,           ,           ,           ,           
98,PIRAMAL ENTERPRISES LTD             ,NP07,PEL,https://www.moneycontrol.com/india/stockpricequote/pharmaceuticals/piramalenterprises/PH05,,,           ,           ,           ,           ,           ,           ,           ,           ,           ,           ,           
99,POWER FIN CORP LTD.                 ,PFC02,PFC,https://www.moneycontrol.com/india/stockpricequote/finance-term-lending-institutions/powerfinancecorporation/PFC02,,,           ,           ,           ,           ,           ,           ,           ,           ,           ,           ,           
100,POWER GRID CORP. LTD.               ,PGC,POWERGRID,https://www.moneycontrol.com/india/stockpricequote/power-generationdistribution/powergridcorporationindia/PGC,,,           ,           ,           ,           ,           ,           ,           ,           ,           ,           ,           
101,PUNJAB NATIONAL BANK                ,PNB05,PNB,https://www.moneycontrol.com/india/stockpricequote/banks-public-sector/punjabnationalbank/PNB05,,,           ,           ,           ,           ,           ,           ,           ,           ,           ,           ,           
102,PVR LIMITED                         ,PVR,PVR,https://www.moneycontrol.com/india/stockpricequote/mediaentertainment/pvr/PVR,,,           ,           ,           ,           ,           ,           ,           ,           ,           ,           ,           
103,RBL BANK LIMITED                    ,RB02,RBLBANK,https://www.moneycontrol.com/india/stockpricequote/banks-private-sector/rblbank/RB03,,,           ,           ,           ,           ,           ,           ,           ,           ,           ,           ,           
104,REC LIMITED                         ,REC02,RECLTD,https://www.moneycontrol.com/india/stockpricequote/finance-term-lending-institutions/rec/REC02,,,           ,           ,           ,           ,           ,           ,           ,           ,           ,           ,           
105,RELIANCE INDUSTRIES LTD             ,RI,RELIANCE,https://www.moneycontrol.com/india/stockpricequote/refineries/relianceindustries/RI,,,           ,           ,           ,           ,           ,           ,           ,           ,           ,           ,           
106,SBI LIFE INSURANCE CO LTD           ,,SBILIFE,https://www.moneycontrol.com/india/stockpricequote/diversified/sbilifeinsurancecompany/SLI03,,,           ,           ,           ,           ,           ,           ,           ,           ,           ,           ,           
107,SHREE CEMENT LIMITED                ,SC12,SHREECEM,https://www.moneycontrol.com/india/stockpricequote/cement-major/shreecements/SC12,,,           ,           ,           ,           ,           ,           ,           ,           ,           ,           ,           
108,SHRIRAM TRANSPORT FIN CO.           ,STF,SRTRANSFIN,https://www.moneycontrol.com/india/stockpricequote/finance-leasinghire-purchase/shriramtransportfinancecorporation/STF,,,           ,           ,           ,           ,           ,           ,           ,           ,           ,           ,           
109,SIEMENS LTD                         ,S,SIEMENS,https://www.moneycontrol.com/india/stockpricequote/infrastructure-general/siemens/S,,,           ,           ,           ,           ,           ,           ,           ,           ,           ,           ,           
110,SRF LTD                             ,SRF,SRF,https://www.moneycontrol.com/india/stockpricequote/diversified/srf/SRF,,,           ,           ,           ,           ,           ,           ,           ,           ,           ,           ,           
111,STATE BANK OF INDIA                 ,SBI,SBIN,https://www.moneycontrol.com/india/stockpricequote/banks-public-sector/statebankindia/SBI,,,           ,           ,           ,           ,           ,           ,           ,           ,           ,           ,           
112,STEEL AUTHORITY OF INDIA            ,SAI,SAIL,https://www.moneycontrol.com/india/stockpricequote/steel-large/steelauthorityindia/SAI,,,           ,           ,           ,           ,           ,           ,           ,           ,           ,           ,           
113,SUN PHARMACEUTICAL IND L            ,SPI,SUNPHARMA,https://www.moneycontrol.com/india/stockpricequote/pharmaceuticals/sunpharmaceuticalindustries/SPI,,,           ,           ,           ,           ,           ,           ,           ,           ,           ,           ,           
114,SUN TV NETWORK LIMITED              ,STV01,SUNTV,https://www.moneycontrol.com/india/stockpricequote/mediaentertainment/suntvnetwork/STN01,,,           ,           ,           ,           ,           ,           ,           ,           ,           ,           ,           
115,TATA CHEMICALS LTD                  ,TC,TATACHEM,https://www.moneycontrol.com/india/stockpricequote/chemicals/tatachemicals/TC,,,           ,           ,           ,           ,           ,           ,           ,           ,           ,           ,           
116,TATA CONSULTANCY SERV LT            ,TCS,TCS,https://www.moneycontrol.com/india/stockpricequote/computers-software/tataconsultancyservices/TCS,,,           ,           ,           ,           ,           ,           ,           ,           ,           ,           ,           
117,TATA CONSUMER PRODUCT LTD           ,,TATACONSUM,https://www.moneycontrol.com/india/stockpricequote/plantations-teacoffee/tataconsumerproducts/TT,,,           ,           ,           ,           ,           ,           ,           ,           ,           ,           ,           
118,TATA MOTORS LIMITED                 ,TEL,TATAMOTORS,https://www.moneycontrol.com/india/stockpricequote/auto-lcvshcvs/tatamotors/TM03,,,           ,           ,           ,           ,           ,           ,           ,           ,           ,           ,           
119,TATA POWER CO LTD                   ,TPC,TATAPOWER,https://www.moneycontrol.com/india/stockpricequote/power-generationdistribution/tatapowercompany/TPC,,,           ,           ,           ,           ,           ,           ,           ,           ,           ,           ,           
120,TATA STEEL LIMITED                  ,TIS,TATASTEEL,https://www.moneycontrol.com/india/stockpricequote/steel-large/tatasteel/TIS,,,           ,           ,           ,           ,           ,           ,           ,           ,           ,           ,           
121,TECH MAHINDRA LIMITED               ,TM4,TECHM,https://www.moneycontrol.com/india/stockpricequote/computers-software/techmahindra/TM4,,,           ,           ,           ,           ,           ,           ,           ,           ,           ,           ,           
122,THE RAMCO CEMENTS LIMITED           ,MC,RAMCOCEM,https://www.moneycontrol.com/india/stockpricequote/cement-major/theramcocements/MC,,,           ,           ,           ,           ,           ,           ,           ,           ,           ,           ,           
123,TITAN COMPANY LIMITED               ,TI01,TITAN,https://www.moneycontrol.com/india/stockpricequote/miscellaneous/titancompany/TI01,,,           ,           ,           ,           ,           ,           ,           ,           ,           ,           ,           
124,TORRENT PHARMACEUTICALS L           ,TP06,TORNTPHARM,https://www.moneycontrol.com/india/stockpricequote/pharmaceuticals/torrentpharmaceuticals/TP06,,,           ,           ,           ,           ,           ,           ,           ,           ,           ,           ,           
125,TORRENT POWER LTD                   ,TP13,TORNTPOWER,https://www.moneycontrol.com/india/stockpricequote/power-generationdistribution/torrentpower/TP14,,,           ,           ,           ,           ,           ,           ,           ,           ,           ,           ,           
126,TVS MOTOR COMPANY  LTD              ,TVS,TVSMOTOR,https://www.moneycontrol.com/india/stockpricequote/auto-23-wheelers/tvsmotorcompany/TVS,,,           ,           ,           ,           ,           ,           ,           ,           ,           ,           ,           
127,ULTRATECH CEMENT LIMITED            ,UTC,ULTRACEMCO,https://www.moneycontrol.com/india/stockpricequote/cement-major/ultratechcement/UTC01,,,           ,           ,           ,           ,           ,           ,           ,           ,           ,           ,           
128,UNITED BREWERIES LTD                ,UBB,UBL,https://www.moneycontrol.com/india/stockpricequote/breweriesdistilleries/unitedbreweries/UB02,,,           ,           ,           ,           ,           ,           ,           ,           ,           ,           ,           
129,UNITED SPIRITS LIMITED              ,MC08,MCDOWELL-N,https://www.moneycontrol.com/india/stockpricequote/breweriesdistilleries/unitedspirits/US,,,           ,           ,           ,           ,           ,           ,           ,           ,           ,           ,           
130,UPL LIMITED                         ,SI10,UPL,https://www.moneycontrol.com/india/stockpricequote/chemicals/upl/UP04,,,           ,           ,           ,           ,           ,           ,           ,           ,           ,           ,           
131,VEDANTA LIMITED                     ,SG,VEDL,https://www.moneycontrol.com/india/stockpricequote/miningminerals/vedanta/SG,,,           ,           ,           ,           ,           ,           ,           ,           ,           ,           ,           
132,VODAFONE IDEA LIMITED               ,IC8,IDEA,https://www.moneycontrol.com/india/stockpricequote/telecommunications-service/vodafoneidealimited/IC8,,,           ,           ,           ,           ,           ,           ,           ,           ,           ,           ,           
133,VOLTAS LTD                          ,V,VOLTAS,https://www.moneycontrol.com/india/stockpricequote/diversified/voltas/V,,,           ,           ,           ,           ,           ,           ,           ,           ,           ,           ,           
134,WIPRO LTD                           ,W,WIPRO,https://www.moneycontrol.com/india/stockpricequote/computers-software/wipro/W,,,           ,           ,           ,           ,           ,           ,           ,           ,           ,           ,           
135,ZEE ENTERTAINMENT ENT LTD           ,ZT,ZEEL,https://www.moneycontrol.com/india/stockpricequote/mediaentertainment/zeeentertainmententerprises/ZEE,,,           ,           ,           ,           ,           ,           ,           ,           ,           ,           ,           
